names,rSCP,lSCP,rMCP,lMCP,rICP,lICP
/fs04/scratch2/gy81/lachlan/MATLAB/cat12_processing/sub-camctl01/label/sub-camctl01_ses-1_T1w,0.3604,0.3175,4.4690,4.7846,1.4768,1.6495
/fs04/scratch2/gy81/lachlan/MATLAB/cat12_processing/sub-camctl01/label/sub-camctl01_ses-2_T1w,0.3633,0.3225,4.4267,4.8036,1.4327,1.6418
/fs04/scratch2/gy81/lachlan/MATLAB/cat12_processing/sub-camctl01/label/sub-camctl01_ses-3_T1w,0.3638,0.3130,4.3945,4.6585,1.4009,1.6081
/fs04/scratch2/gy81/lachlan/MATLAB/cat12_processing/sub-camctl04/label/sub-camctl04_ses-1_T1w,0.3354,0.3129,4.2211,4.7231,1.3142,1.4818
/fs04/scratch2/gy81/lachlan/MATLAB/cat12_processing/sub-camctl04/label/sub-camctl04_ses-2_T1w,0.3228,0.3122,4.2221,4.7988,1.3152,1.4597
/fs04/scratch2/gy81/lachlan/MATLAB/cat12_processing/sub-camctl05/label/sub-camctl05_ses-1_T1w,0.3261,0.2909,4.1270,4.5892,1.2119,1.5073
/fs04/scratch2/gy81/lachlan/MATLAB/cat12_processing/sub-camctl05/label/sub-camctl05_ses-2_T1w,0.3093,0.2770,4.0810,4.5600,1.2689,1.4464
/fs04/scratch2/gy81/lachlan/MATLAB/cat12_processing/sub-camctl06/label/sub-camctl06_ses-1_T1w,0.3401,0.3164,4.1555,4.4489,1.3539,1.4679
/fs04/scratch2/gy81/lachlan/MATLAB/cat12_processing/sub-camctl06/label/sub-camctl06_ses-2_T1w,0.3444,0.3438,4.1722,4.5292,1.3426,1.5007
/fs04/scratch2/gy81/lachlan/MATLAB/cat12_processing/sub-camctl07/label/sub-camctl07_ses-1_T1w,0.3317,0.3160,4.0787,4.5248,1.2655,1.5040
/fs04/scratch2/gy81/lachlan/MATLAB/cat12_processing/sub-camctl07/label/sub-camctl07_ses-2_T1w,0.3360,0.3225,4.1209,4.4577,1.3005,1.5276
/fs04/scratch2/gy81/lachlan/MATLAB/cat12_processing/sub-camctl08/label/sub-camctl08_ses-1_T1w,0.2831,0.2664,3.7607,4.1309,1.2014,1.3234
/fs04/scratch2/gy81/lachlan/MATLAB/cat12_processing/sub-camctl08/label/sub-camctl08_ses-2_T1w,0.2899,0.2551,3.7369,4.0895,1.1574,1.3102
/fs04/scratch2/gy81/lachlan/MATLAB/cat12_processing/sub-camctl08/label/sub-camctl08_ses-3_T1w,0.2592,0.2639,3.7092,4.0407,1.1836,1.3222
/fs04/scratch2/gy81/lachlan/MATLAB/cat12_processing/sub-camctl09/label/sub-camctl09_ses-1_T1w,0.2858,0.3042,3.8358,4.3036,1.3032,1.4685
/fs04/scratch2/gy81/lachlan/MATLAB/cat12_processing/sub-camctl09/label/sub-camctl09_ses-2_T1w,0.3041,0.2871,3.7946,4.1775,1.2630,1.4358
/fs04/scratch2/gy81/lachlan/MATLAB/cat12_processing/sub-camctl09/label/sub-camctl09_ses-3_T1w,0.3222,0.3061,3.8344,4.2191,1.2858,1.4665
/fs04/scratch2/gy81/lachlan/MATLAB/cat12_processing/sub-camctl10/label/sub-camctl10_ses-1_T1w,0.2843,0.2550,3.8101,4.3218,1.2559,1.4131
/fs04/scratch2/gy81/lachlan/MATLAB/cat12_processing/sub-camctl10/label/sub-camctl10_ses-2_T1w,0.2986,0.2857,3.8902,4.2788,1.3107,1.4699
/fs04/scratch2/gy81/lachlan/MATLAB/cat12_processing/sub-camctl11/label/sub-camctl11_ses-1_T1w,0.3004,0.3002,3.4348,4.0270,1.2701,1.5235
/fs04/scratch2/gy81/lachlan/MATLAB/cat12_processing/sub-camctl11/label/sub-camctl11_ses-2_T1w,0.3137,0.2671,3.5847,4.0494,1.3370,1.4722
/fs04/scratch2/gy81/lachlan/MATLAB/cat12_processing/sub-camctl12/label/sub-camctl12_ses-1_T1w,0.2672,0.2942,3.7766,4.1833,1.2080,1.4614
/fs04/scratch2/gy81/lachlan/MATLAB/cat12_processing/sub-camctl12/label/sub-camctl12_ses-2_T1w,0.2953,0.2636,3.7493,4.1338,1.1878,1.4500
/fs04/scratch2/gy81/lachlan/MATLAB/cat12_processing/sub-camctl14/label/sub-camctl14_ses-1_T1w,0.3497,0.3288,4.1797,4.7116,1.4132,1.6035
/fs04/scratch2/gy81/lachlan/MATLAB/cat12_processing/sub-camctl14/label/sub-camctl14_ses-2_T1w,0.3525,0.3538,4.1405,4.7610,1.4156,1.5763
/fs04/scratch2/gy81/lachlan/MATLAB/cat12_processing/sub-camctl15/label/sub-camctl15_ses-1_T1w,0.2501,0.2492,3.3260,3.7511,1.1134,1.3320
/fs04/scratch2/gy81/lachlan/MATLAB/cat12_processing/sub-camctl15/label/sub-camctl15_ses-2_T1w,0.2806,0.2412,3.2580,3.7056,1.1343,1.2796
/fs04/scratch2/gy81/lachlan/MATLAB/cat12_processing/sub-camctl15/label/sub-camctl15_ses-3_T1w,0.2742,0.2491,3.3609,3.6392,1.0781,1.2947
/fs04/scratch2/gy81/lachlan/MATLAB/cat12_processing/sub-camctl16/label/sub-camctl16_ses-1_T1w,0.2940,0.2876,3.7025,3.9024,1.2452,1.3531
/fs04/scratch2/gy81/lachlan/MATLAB/cat12_processing/sub-camctl16/label/sub-camctl16_ses-2_T1w,0.3072,0.2967,3.6766,3.8815,1.2163,1.4544
/fs04/scratch2/gy81/lachlan/MATLAB/cat12_processing/sub-camctl16/label/sub-camctl16_ses-3_T1w,0.3206,0.2936,3.6846,3.8067,1.2315,1.3996
/fs04/scratch2/gy81/lachlan/MATLAB/cat12_processing/sub-camctl17/label/sub-camctl17_ses-1_T1w,0.2336,0.2474,3.3384,3.6805,1.1032,1.3004
/fs04/scratch2/gy81/lachlan/MATLAB/cat12_processing/sub-camctl17/label/sub-camctl17_ses-2_T1w,0.2520,0.2434,3.3691,3.6808,1.0428,1.2338
/fs04/scratch2/gy81/lachlan/MATLAB/cat12_processing/sub-camctl17/label/sub-camctl17_ses-3_T1w,0.2727,0.2381,3.4412,3.8047,1.0933,1.3101
/fs04/scratch2/gy81/lachlan/MATLAB/cat12_processing/sub-camctl18/label/sub-camctl18_ses-1_T1w,0.2948,0.2503,3.5784,4.0644,1.0572,1.2393
/fs04/scratch2/gy81/lachlan/MATLAB/cat12_processing/sub-camctl18/label/sub-camctl18_ses-2_T1w,0.2885,0.2521,3.5807,3.9978,1.0418,1.1811
/fs04/scratch2/gy81/lachlan/MATLAB/cat12_processing/sub-camctl20/label/sub-camctl20_ses-1_T1w,0.2718,0.2409,3.3938,3.6951,1.1969,1.3855
/fs04/scratch2/gy81/lachlan/MATLAB/cat12_processing/sub-camctl20/label/sub-camctl20_ses-2_T1w,0.3018,0.2715,3.4017,3.7288,1.2119,1.3592
/fs04/scratch2/gy81/lachlan/MATLAB/cat12_processing/sub-camctl20/label/sub-camctl20_ses-3_T1w,0.2940,0.2706,3.3385,3.6277,1.2171,1.3905
/fs04/scratch2/gy81/lachlan/MATLAB/cat12_processing/sub-camctl21/label/sub-camctl21_ses-1_T1w,0.2792,0.2520,3.0321,3.4470,1.0045,1.1432
/fs04/scratch2/gy81/lachlan/MATLAB/cat12_processing/sub-camctl21/label/sub-camctl21_ses-2_T1w,0.2607,0.2266,3.0562,3.4091,0.9700,1.1399
/fs04/scratch2/gy81/lachlan/MATLAB/cat12_processing/sub-camctl21/label/sub-camctl21_ses-3_T1w,0.2722,0.2437,3.1957,3.4449,1.0117,1.1651
/fs04/scratch2/gy81/lachlan/MATLAB/cat12_processing/sub-camctl22/label/sub-camctl22_ses-1_T1w,0.2393,0.2399,2.8031,3.1532,1.0507,1.1632
/fs04/scratch2/gy81/lachlan/MATLAB/cat12_processing/sub-camctl22/label/sub-camctl22_ses-2_T1w,0.2580,0.2298,2.8525,3.1684,1.0340,1.1942
/fs04/scratch2/gy81/lachlan/MATLAB/cat12_processing/sub-camctl22/label/sub-camctl22_ses-3_T1w,0.2467,0.2470,2.8201,3.2283,1.0268,1.1251
/fs04/scratch2/gy81/lachlan/MATLAB/cat12_processing/sub-camctl23/label/sub-camctl23_ses-1_T1w,0.3391,0.2875,4.1707,4.4007,1.2995,1.5187
/fs04/scratch2/gy81/lachlan/MATLAB/cat12_processing/sub-camctl23/label/sub-camctl23_ses-2_T1w,0.3170,0.3059,4.0911,4.4053,1.3640,1.4849
/fs04/scratch2/gy81/lachlan/MATLAB/cat12_processing/sub-camctl23/label/sub-camctl23_ses-3_T1w,0.3548,0.2748,4.1224,4.3512,1.2849,1.4900
/fs04/scratch2/gy81/lachlan/MATLAB/cat12_processing/sub-camctl24/label/sub-camctl24_ses-1_T1w,0.2624,0.2524,3.1280,3.5239,1.0718,1.1903
/fs04/scratch2/gy81/lachlan/MATLAB/cat12_processing/sub-camctl24/label/sub-camctl24_ses-2_T1w,0.2675,0.2524,3.1265,3.4718,1.0850,1.2073
/fs04/scratch2/gy81/lachlan/MATLAB/cat12_processing/sub-camctl25/label/sub-camctl25_ses-1_T1w,0.2843,0.2893,3.7713,4.2506,1.2507,1.4072
/fs04/scratch2/gy81/lachlan/MATLAB/cat12_processing/sub-camctl25/label/sub-camctl25_ses-2_T1w,0.2857,0.2669,3.7910,4.1853,1.2302,1.4223
/fs04/scratch2/gy81/lachlan/MATLAB/cat12_processing/sub-camctl25/label/sub-camctl25_ses-3_T1w,0.2662,0.2585,3.8300,4.2377,1.2322,1.4389
/fs04/scratch2/gy81/lachlan/MATLAB/cat12_processing/sub-camctl26/label/sub-camctl26_ses-1_T1w,0.3352,0.2619,3.5819,3.9832,1.1626,1.3853
/fs04/scratch2/gy81/lachlan/MATLAB/cat12_processing/sub-camctl26/label/sub-camctl26_ses-2_T1w,0.2792,0.2903,3.5688,3.9057,1.2186,1.4597
/fs04/scratch2/gy81/lachlan/MATLAB/cat12_processing/sub-camctl27/label/sub-camctl27_ses-1_T1w,0.3114,0.2903,3.7583,4.1741,1.2699,1.4860
/fs04/scratch2/gy81/lachlan/MATLAB/cat12_processing/sub-camctl27/label/sub-camctl27_ses-2_T1w,0.2764,0.2852,3.7323,4.2049,1.2720,1.4226
/fs04/scratch2/gy81/lachlan/MATLAB/cat12_processing/sub-camctl28/label/sub-camctl28_ses-1_T1w,0.3522,0.3180,4.2588,4.6638,1.3818,1.5702
/fs04/scratch2/gy81/lachlan/MATLAB/cat12_processing/sub-camctl28/label/sub-camctl28_ses-2_T1w,0.3526,0.3005,4.1341,4.5472,1.3900,1.5343
/fs04/scratch2/gy81/lachlan/MATLAB/cat12_processing/sub-camctl29/label/sub-camctl29_ses-1_T1w,0.2974,0.2251,3.4857,3.7763,1.1011,1.2252
/fs04/scratch2/gy81/lachlan/MATLAB/cat12_processing/sub-camctl29/label/sub-camctl29_ses-2_T1w,0.2851,0.2208,3.4672,3.7756,1.0720,1.2762
/fs04/scratch2/gy81/lachlan/MATLAB/cat12_processing/sub-camctl30/label/sub-camctl30_ses-1_T1w,0.3798,0.3464,4.3140,4.7508,1.3946,1.6082
/fs04/scratch2/gy81/lachlan/MATLAB/cat12_processing/sub-camctl30/label/sub-camctl30_ses-2_T1w,0.3726,0.3459,4.2961,4.7009,1.4575,1.6291
/fs04/scratch2/gy81/lachlan/MATLAB/cat12_processing/sub-camctl31/label/sub-camctl31_ses-1_T1w,0.3736,0.3583,4.4132,4.8600,1.4765,1.6407
/fs04/scratch2/gy81/lachlan/MATLAB/cat12_processing/sub-camctl31/label/sub-camctl31_ses-2_T1w,0.3630,0.3415,4.3957,4.8281,1.4832,1.6424
/fs04/scratch2/gy81/lachlan/MATLAB/cat12_processing/sub-camctl31/label/sub-camctl31_ses-3_T1w,0.3797,0.3356,4.4066,4.7829,1.4246,1.6588
/fs04/scratch2/gy81/lachlan/MATLAB/cat12_processing/sub-camctl32/label/sub-camctl32_ses-1_T1w,0.3053,0.2954,3.9028,4.4982,1.2883,1.5058
/fs04/scratch2/gy81/lachlan/MATLAB/cat12_processing/sub-camctl32/label/sub-camctl32_ses-2_T1w,0.3030,0.2926,3.9657,4.4380,1.2864,1.4601
/fs04/scratch2/gy81/lachlan/MATLAB/cat12_processing/sub-camctl33/label/sub-camctl33_ses-1_T1w,0.3235,0.3356,4.1633,4.5436,1.4011,1.4966
/fs04/scratch2/gy81/lachlan/MATLAB/cat12_processing/sub-camctl33/label/sub-camctl33_ses-2_T1w,0.3345,0.3229,4.2907,4.6831,1.3912,1.5154
/fs04/scratch2/gy81/lachlan/MATLAB/cat12_processing/sub-camctl33/label/sub-camctl33_ses-3_T1w,0.3384,0.3200,4.2886,4.6413,1.4357,1.5742
/fs04/scratch2/gy81/lachlan/MATLAB/cat12_processing/sub-camctl35/label/sub-camctl35_ses-1_T1w,0.2844,0.2667,3.5852,4.0388,1.1706,1.2870
/fs04/scratch2/gy81/lachlan/MATLAB/cat12_processing/sub-camctl35/label/sub-camctl35_ses-2_T1w,0.3079,0.2557,3.6191,3.9592,1.1815,1.3078
/fs04/scratch2/gy81/lachlan/MATLAB/cat12_processing/sub-camctl36/label/sub-camctl36_ses-1_T1w,0.3188,0.2920,3.7625,4.2084,1.2825,1.4687
/fs04/scratch2/gy81/lachlan/MATLAB/cat12_processing/sub-camctl36/label/sub-camctl36_ses-2_T1w,0.3285,0.3035,3.7306,4.0867,1.2472,1.4618
/fs04/scratch2/gy81/lachlan/MATLAB/cat12_processing/sub-camctl37/label/sub-camctl37_ses-1_T1w,0.2554,0.2385,2.9065,3.1630,0.9704,1.1325
/fs04/scratch2/gy81/lachlan/MATLAB/cat12_processing/sub-camctl37/label/sub-camctl37_ses-2_T1w,0.2431,0.2288,2.8778,3.2212,1.0183,1.1958
/fs04/scratch2/gy81/lachlan/MATLAB/cat12_processing/sub-camctl38/label/sub-camctl38_ses-1_T1w,0.2518,0.2447,3.2389,3.6001,1.0766,1.2770
/fs04/scratch2/gy81/lachlan/MATLAB/cat12_processing/sub-camctl38/label/sub-camctl38_ses-2_T1w,0.2931,0.2860,3.3548,3.7026,1.0784,1.2820
/fs04/scratch2/gy81/lachlan/MATLAB/cat12_processing/sub-campac01/label/sub-campac01_ses-1_T1w,0.2170,0.1853,2.8731,2.8425,0.8432,0.9299
/fs04/scratch2/gy81/lachlan/MATLAB/cat12_processing/sub-campac01/label/sub-campac01_ses-2_T1w,0.1913,0.1977,2.7783,3.0445,0.7811,0.9564
/fs04/scratch2/gy81/lachlan/MATLAB/cat12_processing/sub-campac01/label/sub-campac01_ses-3_T1w,0.2246,0.1747,2.8078,3.0308,0.7938,1.0521
/fs04/scratch2/gy81/lachlan/MATLAB/cat12_processing/sub-campac02/label/sub-campac02_ses-1_T1w,0.2436,0.2131,3.5396,3.8252,1.0264,1.0654
/fs04/scratch2/gy81/lachlan/MATLAB/cat12_processing/sub-campac02/label/sub-campac02_ses-2_T1w,0.2431,0.2339,3.3728,3.8809,0.9624,1.1786
/fs04/scratch2/gy81/lachlan/MATLAB/cat12_processing/sub-campac02/label/sub-campac02_ses-3_T1w,0.2358,0.2203,3.3956,3.7649,1.0245,1.1425
/fs04/scratch2/gy81/lachlan/MATLAB/cat12_processing/sub-campac02/label/sub-campac02_ses-4_T1w,0.1992,0.1817,3.2067,3.5291,0.8836,1.0371
/fs04/scratch2/gy81/lachlan/MATLAB/cat12_processing/sub-campac03/label/sub-campac03_ses-1_T1w,0.3064,0.2988,4.4785,4.7853,1.2900,1.4891
/fs04/scratch2/gy81/lachlan/MATLAB/cat12_processing/sub-campac03/label/sub-campac03_ses-2_T1w,0.3060,0.3130,4.2608,4.6489,1.2847,1.4572
/fs04/scratch2/gy81/lachlan/MATLAB/cat12_processing/sub-campac03/label/sub-campac03_ses-3_T1w,0.2868,0.2806,4.2006,4.5504,1.1979,1.3529
/fs04/scratch2/gy81/lachlan/MATLAB/cat12_processing/sub-campac04/label/sub-campac04_ses-1_T1w,0.2660,0.2497,3.4188,3.8260,1.0813,1.1738
/fs04/scratch2/gy81/lachlan/MATLAB/cat12_processing/sub-campac04/label/sub-campac04_ses-2_T1w,0.2553,0.2089,3.3618,3.7044,0.9910,1.1043
/fs04/scratch2/gy81/lachlan/MATLAB/cat12_processing/sub-campac04/label/sub-campac04_ses-3_T1w,0.2452,0.2202,3.3429,3.6527,1.0398,1.1383
/fs04/scratch2/gy81/lachlan/MATLAB/cat12_processing/sub-campac04/label/sub-campac04_ses-4_T1w,0.2279,0.2293,3.2555,3.6388,0.9325,1.1587
/fs04/scratch2/gy81/lachlan/MATLAB/cat12_processing/sub-campac05/label/sub-campac05_ses-1_T1w,0.2824,0.2649,3.8261,4.1670,1.0938,1.2652
/fs04/scratch2/gy81/lachlan/MATLAB/cat12_processing/sub-campac05/label/sub-campac05_ses-2_T1w,0.2945,0.2656,3.6819,4.1598,0.9915,1.2415
/fs04/scratch2/gy81/lachlan/MATLAB/cat12_processing/sub-campac05/label/sub-campac05_ses-3_T1w,0.2756,0.2562,3.7618,4.0421,1.0912,1.2522
/fs04/scratch2/gy81/lachlan/MATLAB/cat12_processing/sub-campac05/label/sub-campac05_ses-4_T1w,0.2680,0.2331,3.5768,3.9562,1.0275,1.1573
/fs04/scratch2/gy81/lachlan/MATLAB/cat12_processing/sub-campac06/label/sub-campac06_ses-1_T1w,0.1967,0.2077,3.0605,3.4705,0.7955,0.9401
/fs04/scratch2/gy81/lachlan/MATLAB/cat12_processing/sub-campac06/label/sub-campac06_ses-2_T1w,0.2010,0.1753,3.0502,3.3767,0.8325,0.8906
/fs04/scratch2/gy81/lachlan/MATLAB/cat12_processing/sub-campac06/label/sub-campac06_ses-3_T1w,0.1891,0.1578,3.0386,3.2871,0.8083,0.8963
/fs04/scratch2/gy81/lachlan/MATLAB/cat12_processing/sub-campac07/label/sub-campac07_ses-1_T1w,0.1923,0.1664,2.6382,2.7777,0.7882,0.9567
/fs04/scratch2/gy81/lachlan/MATLAB/cat12_processing/sub-campac07/label/sub-campac07_ses-2_T1w,0.1882,0.1549,2.4309,2.7727,0.7513,0.9246
/fs04/scratch2/gy81/lachlan/MATLAB/cat12_processing/sub-campac07/label/sub-campac07_ses-3_T1w,0.1852,0.1611,2.3594,2.6895,0.7411,0.8930
/fs04/scratch2/gy81/lachlan/MATLAB/cat12_processing/sub-campac07/label/sub-campac07_ses-4_T1w,0.1702,0.1513,2.2511,2.5201,0.6578,0.7915
/fs04/scratch2/gy81/lachlan/MATLAB/cat12_processing/sub-campac08/label/sub-campac08_ses-1_T1w,0.2596,0.2345,3.5127,3.7723,0.9179,1.2040
/fs04/scratch2/gy81/lachlan/MATLAB/cat12_processing/sub-campac08/label/sub-campac08_ses-2_T1w,0.2310,0.2154,3.4839,3.8074,0.9245,1.1763
/fs04/scratch2/gy81/lachlan/MATLAB/cat12_processing/sub-campac08/label/sub-campac08_ses-3_T1w,0.2465,0.2171,3.4604,3.8042,0.9132,1.1678
/fs04/scratch2/gy81/lachlan/MATLAB/cat12_processing/sub-campac09/label/sub-campac09_ses-1_T1w,0.1873,0.1705,2.7959,3.0850,0.7414,0.9216
/fs04/scratch2/gy81/lachlan/MATLAB/cat12_processing/sub-campac09/label/sub-campac09_ses-2_T1w,0.1740,0.1569,2.6643,2.9591,0.6726,0.9369
/fs04/scratch2/gy81/lachlan/MATLAB/cat12_processing/sub-campac10/label/sub-campac10_ses-1_T1w,0.1867,0.1799,2.8051,3.1041,0.8131,0.9029
/fs04/scratch2/gy81/lachlan/MATLAB/cat12_processing/sub-campac10/label/sub-campac10_ses-2_T1w,0.1825,0.1778,2.7856,2.9898,0.8040,0.9821
/fs04/scratch2/gy81/lachlan/MATLAB/cat12_processing/sub-campac11/label/sub-campac11_ses-1_T1w,0.2405,0.2062,3.4968,3.8290,0.9795,1.1745
/fs04/scratch2/gy81/lachlan/MATLAB/cat12_processing/sub-campac11/label/sub-campac11_ses-2_T1w,0.2358,0.2062,3.4700,3.7068,1.0097,1.1631
/fs04/scratch2/gy81/lachlan/MATLAB/cat12_processing/sub-campac12/label/sub-campac12_ses-1_T1w,0.2331,0.2302,3.6594,4.0257,1.1391,1.2698
/fs04/scratch2/gy81/lachlan/MATLAB/cat12_processing/sub-campac12/label/sub-campac12_ses-2_T1w,0.2226,0.2445,3.6600,3.8733,1.1152,1.2500
/fs04/scratch2/gy81/lachlan/MATLAB/cat12_processing/sub-campac17/label/sub-campac17_ses-1_T1w,0.1641,0.1722,2.4855,2.7252,0.7738,0.8447
/fs04/scratch2/gy81/lachlan/MATLAB/cat12_processing/sub-campac17/label/sub-campac17_ses-2_T1w,0.1669,0.1500,2.5302,2.7041,0.7697,0.8338
/fs04/scratch2/gy81/lachlan/MATLAB/cat12_processing/sub-campac18/label/sub-campac18_ses-1_T1w,0.2876,0.2507,4.0772,4.6992,1.1204,1.4407
/fs04/scratch2/gy81/lachlan/MATLAB/cat12_processing/sub-campac18/label/sub-campac18_ses-2_T1w,0.2990,0.2388,4.1607,4.5243,1.2291,1.3943
/fs04/scratch2/gy81/lachlan/MATLAB/cat12_processing/sub-campac18/label/sub-campac18_ses-4_T1w,0.2801,0.2717,4.1083,4.5021,1.1688,1.3904
/fs04/scratch2/gy81/lachlan/MATLAB/cat12_processing/sub-campac19/label/sub-campac19_ses-1_T1w,0.2807,0.2146,4.4844,4.7098,1.2745,1.3793
/fs04/scratch2/gy81/lachlan/MATLAB/cat12_processing/sub-campac19/label/sub-campac19_ses-2_T1w,0.2708,0.2410,3.6730,3.9798,1.0012,1.2073
/fs04/scratch2/gy81/lachlan/MATLAB/cat12_processing/sub-campac21/label/sub-campac21_ses-1_T1w,0.1690,0.1760,2.6333,2.8883,0.7534,0.9108
/fs04/scratch2/gy81/lachlan/MATLAB/cat12_processing/sub-campac21/label/sub-campac21_ses-2_T1w,0.1814,0.1882,2.6469,2.9171,0.7948,0.9640
/fs04/scratch2/gy81/lachlan/MATLAB/cat12_processing/sub-campac22/label/sub-campac22_ses-1_T1w,0.2227,0.2019,3.3557,3.7258,0.9109,1.1128
/fs04/scratch2/gy81/lachlan/MATLAB/cat12_processing/sub-campac22/label/sub-campac22_ses-2_T1w,0.2477,0.1865,3.2474,3.6808,0.8998,1.1038
/fs04/scratch2/gy81/lachlan/MATLAB/cat12_processing/sub-campac22/label/sub-campac22_ses-4_T1w,0.2159,0.1885,3.0506,3.4298,0.8484,0.9740
/fs04/scratch2/gy81/lachlan/MATLAB/cat12_processing/sub-campac23/label/sub-campac23_ses-1_T1w,0.1779,0.1583,2.3698,2.6032,0.7224,0.8877
/fs04/scratch2/gy81/lachlan/MATLAB/cat12_processing/sub-campac23/label/sub-campac23_ses-2_T1w,0.1840,0.1757,2.2927,2.5491,0.6891,0.8326
/fs04/scratch2/gy81/lachlan/MATLAB/cat12_processing/sub-campac24/label/sub-campac24_ses-1_T1w,0.2272,0.2287,3.2287,3.6094,0.9006,1.0854
/fs04/scratch2/gy81/lachlan/MATLAB/cat12_processing/sub-campac24/label/sub-campac24_ses-2_T1w,0.2311,0.2298,3.3198,3.5825,0.9642,1.0893
/fs04/scratch2/gy81/lachlan/MATLAB/cat12_processing/sub-campac28/label/sub-campac28_ses-1_T1w,0.2856,0.2672,4.0304,4.2873,1.1798,1.2938
/fs04/scratch2/gy81/lachlan/MATLAB/cat12_processing/sub-campac28/label/sub-campac28_ses-2_T1w,0.2637,0.2227,3.9346,4.2685,1.1133,1.2966
/fs04/scratch2/gy81/lachlan/MATLAB/cat12_processing/sub-campac29/label/sub-campac29_ses-1_T1w,0.2822,0.2755,3.7432,4.0620,1.1722,1.3998
/fs04/scratch2/gy81/lachlan/MATLAB/cat12_processing/sub-campac29/label/sub-campac29_ses-2_T1w,0.3016,0.2462,3.6425,4.0418,1.1180,1.4128
/fs04/scratch2/gy81/lachlan/MATLAB/cat12_processing/sub-campac30/label/sub-campac30_ses-1_T1w,0.2613,0.2628,3.5635,3.8900,1.1227,1.2285
/fs04/scratch2/gy81/lachlan/MATLAB/cat12_processing/sub-campac30/label/sub-campac30_ses-2_T1w,0.2594,0.2108,3.5801,3.9801,1.1476,1.2409
/fs04/scratch2/gy81/lachlan/MATLAB/cat12_processing/sub-campac30/label/sub-campac30_ses-4_T1w,0.2517,0.2293,3.3585,3.8227,1.0791,1.1761
/fs04/scratch2/gy81/lachlan/MATLAB/cat12_processing/sub-campac32/label/sub-campac32_ses-1_T1w,0.2385,0.1987,3.1521,3.4602,0.9148,1.0201
/fs04/scratch2/gy81/lachlan/MATLAB/cat12_processing/sub-campac32/label/sub-campac32_ses-2_T1w,0.2343,0.2047,3.0991,3.3848,0.8902,1.0025
/fs04/scratch2/gy81/lachlan/MATLAB/cat12_processing/sub-campac33/label/sub-campac33_ses-1_T1w,0.2215,0.1902,3.0335,3.2987,0.8846,1.0175
/fs04/scratch2/gy81/lachlan/MATLAB/cat12_processing/sub-campac33/label/sub-campac33_ses-2_T1w,0.2067,0.1871,3.0074,3.2473,0.8641,0.9576
/fs04/scratch2/gy81/lachlan/MATLAB/cat12_processing/sub-campac34/label/sub-campac34_ses-1_T1w,0.2123,0.2173,3.0936,3.4452,0.9349,1.0827
/fs04/scratch2/gy81/lachlan/MATLAB/cat12_processing/sub-campac34/label/sub-campac34_ses-2_T1w,0.1988,0.1873,3.0355,3.4135,0.9351,1.0391
/fs04/scratch2/gy81/lachlan/MATLAB/cat12_processing/sub-campac35/label/sub-campac35_ses-1_T1w,0.2395,0.2305,3.5223,3.7443,1.0850,1.1515
/fs04/scratch2/gy81/lachlan/MATLAB/cat12_processing/sub-campac35/label/sub-campac35_ses-2_T1w,0.2591,0.2380,3.4583,3.7395,1.1140,1.1830
/fs04/scratch2/gy81/lachlan/MATLAB/cat12_processing/sub-campac40/label/sub-campac40_ses-1_T1w,0.2591,0.2114,3.1726,3.4846,0.9532,1.1380
/fs04/scratch2/gy81/lachlan/MATLAB/cat12_processing/sub-campac40/label/sub-campac40_ses-2_T1w,0.2459,0.2245,3.1326,3.4696,0.9488,1.1397
/fs04/scratch2/gy81/lachlan/MATLAB/cat12_processing/sub-campac41/label/sub-campac41_ses-1_T1w,0.2555,0.2209,3.4810,3.8922,1.0189,1.1994
/fs04/scratch2/gy81/lachlan/MATLAB/cat12_processing/sub-campac41/label/sub-campac41_ses-2_T1w,0.2550,0.2272,3.5136,3.8821,1.0239,1.2055
/fs04/scratch2/gy81/lachlan/MATLAB/cat12_processing/sub-campac42/label/sub-campac42_ses-1_T1w,0.2976,0.2784,4.2945,4.7017,1.1692,1.4079
/fs04/scratch2/gy81/lachlan/MATLAB/cat12_processing/sub-campac42/label/sub-campac42_ses-2_T1w,0.3133,0.2678,4.2218,4.6768,1.2040,1.3834
/fs04/scratch2/gy81/lachlan/MATLAB/cat12_processing/sub-campac47/label/sub-campac47_ses-1_T1w,0.2279,0.1990,3.5466,3.8527,1.1078,1.1825
/fs04/scratch2/gy81/lachlan/MATLAB/cat12_processing/sub-campac47/label/sub-campac47_ses-2_T1w,0.2508,0.2276,3.5457,3.8612,1.1020,1.1554
/fs04/scratch2/gy81/lachlan/MATLAB/cat12_processing/sub-campac49/label/sub-campac49_ses-1_T1w,0.2657,0.2446,3.5823,3.8664,1.0714,1.2354
/fs04/scratch2/gy81/lachlan/MATLAB/cat12_processing/sub-campac57/label/sub-campac57_ses-1_T1w,0.2476,0.2264,4.0723,4.2846,1.0656,1.1022
/fs04/scratch2/gy81/lachlan/MATLAB/cat12_processing/sub-campac57/label/sub-campac57_ses-2_T1w,0.2626,0.2594,4.0613,4.5341,1.1033,1.2161
/fs04/scratch2/gy81/lachlan/MATLAB/cat12_processing/sub-campac58/label/sub-campac58_ses-1_T1w,0.2355,0.2154,3.5449,3.9998,0.9754,1.1804
/fs04/scratch2/gy81/lachlan/MATLAB/cat12_processing/sub-campac58/label/sub-campac58_ses-2_T1w,0.1980,0.1714,2.9835,3.3917,0.8367,0.9993
/fs04/scratch2/gy81/lachlan/MATLAB/cat12_processing/sub-campac61/label/sub-campac61_ses-1_T1w,0.2347,0.2078,3.1550,3.4414,0.8561,1.0027
/fs04/scratch2/gy81/lachlan/MATLAB/cat12_processing/sub-campac61/label/sub-campac61_ses-2_T1w,0.2000,0.2003,3.0234,3.4107,0.8160,0.9646
/fs04/scratch2/gy81/lachlan/MATLAB/cat12_processing/sub-campac63/label/sub-campac63_ses-1_T1w,0.2285,0.2186,3.3552,3.7127,0.9179,1.0890
/fs04/scratch2/gy81/lachlan/MATLAB/cat12_processing/sub-campac63/label/sub-campac63_ses-2_T1w,0.2506,0.2140,3.3129,3.6754,0.8809,1.0064
/fs04/scratch2/gy81/lachlan/MATLAB/cat12_processing/sub-campac85/label/sub-campac85_ses-1_T1w,0.2857,0.2713,3.7047,3.9495,1.1252,1.3425
/fs04/scratch2/gy81/lachlan/MATLAB/cat12_processing/sub-campac96/label/sub-campac96_ses-1_T1w,0.2673,0.2135,3.5583,3.8996,1.0369,1.1616
/fs04/scratch2/gy81/lachlan/MATLAB/cat12_processing/sub-campac96/label/sub-campac96_ses-2_T1w,0.2216,0.2365,3.5139,3.8550,1.0434,1.0733
/fs04/scratch2/gy81/lachlan/MATLAB/cat12_processing/sub-melcon001/label/sub-melcon001_ses-1_T1w,0.3479,0.3389,4.2416,4.6152,1.3220,1.5257
/fs04/scratch2/gy81/lachlan/MATLAB/cat12_processing/sub-melcon001/label/sub-melcon001_ses-2_T1w,0.3241,0.3144,4.2170,4.5491,1.3541,1.4654
/fs04/scratch2/gy81/lachlan/MATLAB/cat12_processing/sub-melcon002/label/sub-melcon002_ses-1_T1w,0.3253,0.2851,4.3265,4.7069,1.2792,1.4692
/fs04/scratch2/gy81/lachlan/MATLAB/cat12_processing/sub-melcon002/label/sub-melcon002_ses-2_T1w,0.3270,0.2688,4.4704,4.7594,1.3118,1.4544
/fs04/scratch2/gy81/lachlan/MATLAB/cat12_processing/sub-melcon003/label/sub-melcon003_ses-1_T1w,0.2845,0.2312,3.3673,3.6766,1.0717,1.3126
/fs04/scratch2/gy81/lachlan/MATLAB/cat12_processing/sub-melcon003/label/sub-melcon003_ses-2_T1w,0.2392,0.2154,3.1717,3.6564,1.0590,1.2149
/fs04/scratch2/gy81/lachlan/MATLAB/cat12_processing/sub-melcon004/label/sub-melcon004_ses-1_T1w,0.3400,0.2985,3.9682,4.4357,1.2958,1.4776
/fs04/scratch2/gy81/lachlan/MATLAB/cat12_processing/sub-melcon004/label/sub-melcon004_ses-2_T1w,0.3275,0.3173,4.0498,4.3750,1.3131,1.5005
/fs04/scratch2/gy81/lachlan/MATLAB/cat12_processing/sub-melcon005/label/sub-melcon005_ses-1_T1w,0.3826,0.3678,4.6415,4.9700,1.4570,1.6805
/fs04/scratch2/gy81/lachlan/MATLAB/cat12_processing/sub-melcon005/label/sub-melcon005_ses-2_T1w,0.3697,0.3216,4.5414,4.9264,1.4854,1.7284
/fs04/scratch2/gy81/lachlan/MATLAB/cat12_processing/sub-melcon006/label/sub-melcon006_ses-1_T1w,0.2747,0.2585,3.3947,3.6765,1.0939,1.2312
/fs04/scratch2/gy81/lachlan/MATLAB/cat12_processing/sub-melcon006/label/sub-melcon006_ses-2_T1w,0.2660,0.2733,3.2896,3.6887,1.0857,1.1915
/fs04/scratch2/gy81/lachlan/MATLAB/cat12_processing/sub-melcon007/label/sub-melcon007_ses-1_T1w,0.2890,0.2488,3.7699,4.1543,1.2482,1.3957
/fs04/scratch2/gy81/lachlan/MATLAB/cat12_processing/sub-melcon007/label/sub-melcon007_ses-2_T1w,0.2948,0.2474,3.8565,4.2809,1.1842,1.4052
/fs04/scratch2/gy81/lachlan/MATLAB/cat12_processing/sub-melcon008/label/sub-melcon008_ses-1_T1w,0.2873,0.2725,3.9504,4.3033,1.2194,1.3808
/fs04/scratch2/gy81/lachlan/MATLAB/cat12_processing/sub-melcon008/label/sub-melcon008_ses-2_T1w,0.3184,0.2967,4.0024,4.3863,1.1973,1.4107
/fs04/scratch2/gy81/lachlan/MATLAB/cat12_processing/sub-melcon011/label/sub-melcon011_ses-1_T1w,0.3016,0.2480,3.8721,4.1437,1.3291,1.4245
/fs04/scratch2/gy81/lachlan/MATLAB/cat12_processing/sub-melcon011/label/sub-melcon011_ses-2_T1w,0.2838,0.2652,3.8374,4.2121,1.2592,1.3886
/fs04/scratch2/gy81/lachlan/MATLAB/cat12_processing/sub-melcon012/label/sub-melcon012_ses-1_T1w,0.2827,0.2446,3.3142,3.1854,1.1211,1.1777
/fs04/scratch2/gy81/lachlan/MATLAB/cat12_processing/sub-melcon012/label/sub-melcon012_ses-2_T1w,0.2564,0.2502,3.4206,3.4039,1.1037,1.1987
/fs04/scratch2/gy81/lachlan/MATLAB/cat12_processing/sub-melcon013/label/sub-melcon013_ses-1_T1w,0.3026,0.2479,3.6212,3.8788,1.1747,1.3274
/fs04/scratch2/gy81/lachlan/MATLAB/cat12_processing/sub-melcon013/label/sub-melcon013_ses-2_T1w,0.2774,0.2599,3.5176,3.7168,1.1611,1.3094
/fs04/scratch2/gy81/lachlan/MATLAB/cat12_processing/sub-melcon014/label/sub-melcon014_ses-1_T1w,0.3093,0.2974,4.0661,4.4146,1.3442,1.5423
/fs04/scratch2/gy81/lachlan/MATLAB/cat12_processing/sub-melcon014/label/sub-melcon014_ses-2_T1w,0.3011,0.2814,4.0971,4.4335,1.2714,1.4529
/fs04/scratch2/gy81/lachlan/MATLAB/cat12_processing/sub-melcon015/label/sub-melcon015_ses-1_T1w,0.3233,0.3099,4.3206,4.6757,1.3201,1.5150
/fs04/scratch2/gy81/lachlan/MATLAB/cat12_processing/sub-melcon015/label/sub-melcon015_ses-2_T1w,0.3233,0.3099,4.3206,4.6757,1.3201,1.5150
/fs04/scratch2/gy81/lachlan/MATLAB/cat12_processing/sub-melcon016/label/sub-melcon016_ses-1_T1w,0.2735,0.2775,3.9442,4.2404,1.1933,1.3762
/fs04/scratch2/gy81/lachlan/MATLAB/cat12_processing/sub-melcon016/label/sub-melcon016_ses-2_T1w,0.2399,0.2352,3.7737,3.9003,0.9609,1.1032
/fs04/scratch2/gy81/lachlan/MATLAB/cat12_processing/sub-melcon017/label/sub-melcon017_ses-1_T1w,0.2558,0.2312,3.4418,3.6874,0.9795,1.2475
/fs04/scratch2/gy81/lachlan/MATLAB/cat12_processing/sub-melcon017/label/sub-melcon017_ses-2_T1w,0.2647,0.2349,3.3246,3.6871,1.0343,1.1817
/fs04/scratch2/gy81/lachlan/MATLAB/cat12_processing/sub-melcon019/label/sub-melcon019_ses-1_T1w,0.3597,0.3069,4.6587,4.8594,1.4257,1.5901
/fs04/scratch2/gy81/lachlan/MATLAB/cat12_processing/sub-melcon019/label/sub-melcon019_ses-2_T1w,0.3571,0.3081,4.5441,4.8832,1.4094,1.5978
/fs04/scratch2/gy81/lachlan/MATLAB/cat12_processing/sub-melcon020/label/sub-melcon020_ses-1_T1w,0.3326,0.2999,4.1841,4.5559,1.3781,1.6145
/fs04/scratch2/gy81/lachlan/MATLAB/cat12_processing/sub-melcon020/label/sub-melcon020_ses-2_T1w,0.3013,0.2947,4.1487,4.4726,1.3871,1.5141
/fs04/scratch2/gy81/lachlan/MATLAB/cat12_processing/sub-melcon021/label/sub-melcon021_ses-1_T1w,0.2609,0.2536,3.3986,3.7046,1.0904,1.2938
/fs04/scratch2/gy81/lachlan/MATLAB/cat12_processing/sub-melcon021/label/sub-melcon021_ses-2_T1w,0.2548,0.2547,3.3938,3.8105,1.0683,1.2413
/fs04/scratch2/gy81/lachlan/MATLAB/cat12_processing/sub-melcon022/label/sub-melcon022_ses-1_T1w,0.3305,0.3212,4.4722,4.9308,1.4831,1.6242
/fs04/scratch2/gy81/lachlan/MATLAB/cat12_processing/sub-melcon022/label/sub-melcon022_ses-2_T1w,0.3578,0.3107,4.5035,4.9633,1.3378,1.5240
/fs04/scratch2/gy81/lachlan/MATLAB/cat12_processing/sub-melcon023/label/sub-melcon023_ses-1_T1w,0.2916,0.2534,3.4634,3.9148,1.1109,1.3159
/fs04/scratch2/gy81/lachlan/MATLAB/cat12_processing/sub-melcon023/label/sub-melcon023_ses-2_T1w,0.2773,0.2244,3.3989,3.8368,1.1142,1.2707
/fs04/scratch2/gy81/lachlan/MATLAB/cat12_processing/sub-melcon024/label/sub-melcon024_ses-1_T1w,0.2618,0.2390,3.8847,4.1695,1.0469,1.2457
/fs04/scratch2/gy81/lachlan/MATLAB/cat12_processing/sub-melcon024/label/sub-melcon024_ses-2_T1w,0.2988,0.2579,3.8633,4.1808,1.0520,1.2444
/fs04/scratch2/gy81/lachlan/MATLAB/cat12_processing/sub-melcon026/label/sub-melcon026_ses-1_T1w,0.2862,0.2336,3.9284,4.1827,1.2382,1.3733
/fs04/scratch2/gy81/lachlan/MATLAB/cat12_processing/sub-melcon026/label/sub-melcon026_ses-2_T1w,0.3200,0.2740,3.9723,4.3009,1.2567,1.4245
/fs04/scratch2/gy81/lachlan/MATLAB/cat12_processing/sub-melcon028/label/sub-melcon028_ses-1_T1w,0.2867,0.2765,3.8316,4.1836,1.1787,1.3494
/fs04/scratch2/gy81/lachlan/MATLAB/cat12_processing/sub-melcon028/label/sub-melcon028_ses-2_T1w,0.1997,0.1867,3.6819,4.0443,1.1558,1.2743
/fs04/scratch2/gy81/lachlan/MATLAB/cat12_processing/sub-melcon029/label/sub-melcon029_ses-1_T1w,0.3458,0.2827,4.1734,4.4387,1.2670,1.4271
/fs04/scratch2/gy81/lachlan/MATLAB/cat12_processing/sub-melcon029/label/sub-melcon029_ses-2_T1w,0.3241,0.3065,4.0934,4.3031,1.2004,1.4015
/fs04/scratch2/gy81/lachlan/MATLAB/cat12_processing/sub-melcon030/label/sub-melcon030_ses-1_T1w,0.2578,0.2505,3.5272,3.9023,1.0783,1.2927
/fs04/scratch2/gy81/lachlan/MATLAB/cat12_processing/sub-melcon030/label/sub-melcon030_ses-2_T1w,0.2421,0.2527,3.6229,3.9435,1.1289,1.3416
/fs04/scratch2/gy81/lachlan/MATLAB/cat12_processing/sub-melcon031/label/sub-melcon031_ses-1_T1w,0.3720,0.3712,4.6776,5.2604,1.4655,1.7058
/fs04/scratch2/gy81/lachlan/MATLAB/cat12_processing/sub-melcon031/label/sub-melcon031_ses-2_T1w,0.3340,0.3331,4.6646,5.1905,1.3931,1.6040
/fs04/scratch2/gy81/lachlan/MATLAB/cat12_processing/sub-melcon032/label/sub-melcon032_ses-1_T1w,0.3482,0.3136,4.0541,4.6980,1.3304,1.6067
/fs04/scratch2/gy81/lachlan/MATLAB/cat12_processing/sub-melcon032/label/sub-melcon032_ses-2_T1w,0.3388,0.3213,4.1682,4.6008,1.2792,1.5420
/fs04/scratch2/gy81/lachlan/MATLAB/cat12_processing/sub-melcon033/label/sub-melcon033_ses-1_T1w,0.3377,0.2922,4.1053,4.3160,1.2280,1.4201
/fs04/scratch2/gy81/lachlan/MATLAB/cat12_processing/sub-melcon033/label/sub-melcon033_ses-2_T1w,0.2975,0.2583,4.0609,4.3425,1.1538,1.3873
/fs04/scratch2/gy81/lachlan/MATLAB/cat12_processing/sub-melcon034/label/sub-melcon034_ses-1_T1w,0.2004,0.2014,2.6566,2.9523,0.8881,1.0436
/fs04/scratch2/gy81/lachlan/MATLAB/cat12_processing/sub-melcon034/label/sub-melcon034_ses-2_T1w,0.1994,0.1867,2.6754,2.9983,0.8793,1.0266
/fs04/scratch2/gy81/lachlan/MATLAB/cat12_processing/sub-melcon035/label/sub-melcon035_ses-1_T1w,0.3121,0.2918,4.1745,4.4907,1.2725,1.4212
/fs04/scratch2/gy81/lachlan/MATLAB/cat12_processing/sub-melcon035/label/sub-melcon035_ses-2_T1w,0.3034,0.2798,4.1088,4.3843,1.2469,1.3690
/fs04/scratch2/gy81/lachlan/MATLAB/cat12_processing/sub-melcon037/label/sub-melcon037_ses-1_T1w,0.2489,0.2533,3.1514,3.4843,1.0743,1.2206
/fs04/scratch2/gy81/lachlan/MATLAB/cat12_processing/sub-melcon037/label/sub-melcon037_ses-2_T1w,0.2578,0.2579,3.1502,3.3512,1.0883,1.2324
/fs04/scratch2/gy81/lachlan/MATLAB/cat12_processing/sub-melfrd003/label/sub-melfrd003_ses-1_T1w,0.2343,0.2043,3.2731,3.5604,0.8858,1.0561
/fs04/scratch2/gy81/lachlan/MATLAB/cat12_processing/sub-melfrd003/label/sub-melfrd003_ses-2_T1w,0.1813,0.1807,3.1113,3.2552,0.7654,0.9229
/fs04/scratch2/gy81/lachlan/MATLAB/cat12_processing/sub-melfrd004/label/sub-melfrd004_ses-1_T1w,0.2394,0.2155,3.4878,3.8608,0.9356,1.0824
/fs04/scratch2/gy81/lachlan/MATLAB/cat12_processing/sub-melfrd004/label/sub-melfrd004_ses-2_T1w,0.2450,0.2274,3.4581,3.9215,0.9935,1.1905
/fs04/scratch2/gy81/lachlan/MATLAB/cat12_processing/sub-melfrd005/label/sub-melfrd005_ses-1_T1w,0.2004,0.1705,3.0027,3.4122,0.8050,0.9746
/fs04/scratch2/gy81/lachlan/MATLAB/cat12_processing/sub-melfrd005/label/sub-melfrd005_ses-2_T1w,0.1569,0.1514,2.8922,3.2171,0.7711,0.9367
/fs04/scratch2/gy81/lachlan/MATLAB/cat12_processing/sub-melfrd006/label/sub-melfrd006_ses-1_T1w,0.1958,0.1905,3.3458,3.6026,0.8987,0.9989
/fs04/scratch2/gy81/lachlan/MATLAB/cat12_processing/sub-melfrd006/label/sub-melfrd006_ses-2_T1w,0.1476,0.1438,3.2635,3.5082,0.8596,0.9403
/fs04/scratch2/gy81/lachlan/MATLAB/cat12_processing/sub-melfrd008/label/sub-melfrd008_ses-1_T1w,0.2464,0.2168,3.2749,3.5341,0.9440,1.0718
/fs04/scratch2/gy81/lachlan/MATLAB/cat12_processing/sub-melfrd008/label/sub-melfrd008_ses-2_T1w,0.2579,0.2202,3.2031,3.4587,0.9666,1.0655
/fs04/scratch2/gy81/lachlan/MATLAB/cat12_processing/sub-melfrd011/label/sub-melfrd011_ses-1_T1w,0.2207,0.1775,3.2268,3.5580,0.9404,1.0392
/fs04/scratch2/gy81/lachlan/MATLAB/cat12_processing/sub-melfrd011/label/sub-melfrd011_ses-2_T1w,0.1869,0.1670,3.1259,3.5013,0.9550,1.0385
/fs04/scratch2/gy81/lachlan/MATLAB/cat12_processing/sub-melfrd012/label/sub-melfrd012_ses-1_T1w,0.2863,0.2477,3.9008,4.1909,1.1670,1.3331
/fs04/scratch2/gy81/lachlan/MATLAB/cat12_processing/sub-melfrd012/label/sub-melfrd012_ses-2_T1w,0.2448,0.2296,3.7139,4.0441,1.0762,1.2949
/fs04/scratch2/gy81/lachlan/MATLAB/cat12_processing/sub-melfrd013/label/sub-melfrd013_ses-1_T1w,0.1742,0.1697,2.7284,3.1357,0.8060,0.9418
/fs04/scratch2/gy81/lachlan/MATLAB/cat12_processing/sub-melfrd013/label/sub-melfrd013_ses-2_T1w,0.1763,0.1874,2.7382,3.0802,0.8145,0.9895
/fs04/scratch2/gy81/lachlan/MATLAB/cat12_processing/sub-melfrd014/label/sub-melfrd014_ses-1_T1w,0.2720,0.2526,3.4206,3.8986,1.0070,1.2051
/fs04/scratch2/gy81/lachlan/MATLAB/cat12_processing/sub-melfrd014/label/sub-melfrd014_ses-2_T1w,0.2716,0.2417,3.4943,3.8453,1.0561,1.2271
/fs04/scratch2/gy81/lachlan/MATLAB/cat12_processing/sub-melfrd015/label/sub-melfrd015_ses-1_T1w,0.3190,0.2814,4.3407,4.5293,1.3486,1.4236
/fs04/scratch2/gy81/lachlan/MATLAB/cat12_processing/sub-melfrd015/label/sub-melfrd015_ses-2_T1w,0.2822,0.2594,4.0454,4.3487,1.1308,1.2560
/fs04/scratch2/gy81/lachlan/MATLAB/cat12_processing/sub-melfrd016/label/sub-melfrd016_ses-1_T1w,0.2900,0.2714,3.8310,4.1593,1.1563,1.2461
/fs04/scratch2/gy81/lachlan/MATLAB/cat12_processing/sub-melfrd016/label/sub-melfrd016_ses-2_T1w,0.2233,0.2156,3.6615,4.0135,1.0351,1.1425
/fs04/scratch2/gy81/lachlan/MATLAB/cat12_processing/sub-melfrd017/label/sub-melfrd017_ses-1_T1w,0.3085,0.2443,3.8121,3.9681,1.0563,1.1443
/fs04/scratch2/gy81/lachlan/MATLAB/cat12_processing/sub-melfrd017/label/sub-melfrd017_ses-2_T1w,0.2934,0.2787,4.1649,4.3924,1.1106,1.1873
/fs04/scratch2/gy81/lachlan/MATLAB/cat12_processing/sub-melfrd019/label/sub-melfrd019_ses-1_T1w,0.2360,0.2117,3.1625,3.4451,0.9511,0.9866
/fs04/scratch2/gy81/lachlan/MATLAB/cat12_processing/sub-melfrd019/label/sub-melfrd019_ses-2_T1w,0.2699,0.2672,3.6160,3.9832,1.0478,1.1691
/fs04/scratch2/gy81/lachlan/MATLAB/cat12_processing/sub-melfrd020/label/sub-melfrd020_ses-1_T1w,0.2772,0.2293,3.9377,4.1131,1.1280,1.2834
/fs04/scratch2/gy81/lachlan/MATLAB/cat12_processing/sub-melfrd020/label/sub-melfrd020_ses-2_T1w,0.2829,0.2497,4.0168,4.3101,1.1490,1.2793
/fs04/scratch2/gy81/lachlan/MATLAB/cat12_processing/sub-melfrd021/label/sub-melfrd021_ses-1_T1w,0.2463,0.2436,3.8423,4.3291,1.1251,1.3189
/fs04/scratch2/gy81/lachlan/MATLAB/cat12_processing/sub-melfrd021/label/sub-melfrd021_ses-2_T1w,0.2415,0.2255,3.7356,4.1094,1.0735,1.2940
/fs04/scratch2/gy81/lachlan/MATLAB/cat12_processing/sub-melfrd022/label/sub-melfrd022_ses-1_T1w,0.3113,0.2717,4.4802,4.6756,1.3139,1.5262
/fs04/scratch2/gy81/lachlan/MATLAB/cat12_processing/sub-melfrd022/label/sub-melfrd022_ses-2_T1w,0.2913,0.2904,4.4197,4.8511,1.1462,1.3888
/fs04/scratch2/gy81/lachlan/MATLAB/cat12_processing/sub-melfrd023/label/sub-melfrd023_ses-1_T1w,0.2940,0.2530,3.7976,4.1013,1.0423,1.3298
/fs04/scratch2/gy81/lachlan/MATLAB/cat12_processing/sub-melfrd023/label/sub-melfrd023_ses-2_T1w,0.2477,0.2349,3.4357,3.6648,0.9117,1.0736
/fs04/scratch2/gy81/lachlan/MATLAB/cat12_processing/sub-melfrd024/label/sub-melfrd024_ses-1_T1w,0.2554,0.2133,3.4359,3.6307,0.8837,1.0464
/fs04/scratch2/gy81/lachlan/MATLAB/cat12_processing/sub-melfrd024/label/sub-melfrd024_ses-2_T1w,0.2143,0.1937,3.4685,3.6056,0.9019,1.0748
/fs04/scratch2/gy81/lachlan/MATLAB/cat12_processing/sub-melfrd025/label/sub-melfrd025_ses-1_T1w,0.2737,0.2329,3.6921,4.0231,1.1006,1.2240
/fs04/scratch2/gy81/lachlan/MATLAB/cat12_processing/sub-melfrd025/label/sub-melfrd025_ses-2_T1w,0.2544,0.1987,3.2391,3.5564,0.9178,1.1111
/fs04/scratch2/gy81/lachlan/MATLAB/cat12_processing/sub-melfrd028/label/sub-melfrd028_ses-1_T1w,0.2119,0.1940,3.2276,3.4435,0.9090,1.0100
/fs04/scratch2/gy81/lachlan/MATLAB/cat12_processing/sub-melfrd028/label/sub-melfrd028_ses-2_T1w,0.2188,0.1518,3.1268,3.4922,0.8672,1.0383
/fs04/scratch2/gy81/lachlan/MATLAB/cat12_processing/sub-melfrd029/label/sub-melfrd029_ses-1_T1w,0.2166,0.1887,3.3801,3.5911,0.8791,1.0193
/fs04/scratch2/gy81/lachlan/MATLAB/cat12_processing/sub-melfrd029/label/sub-melfrd029_ses-2_T1w,0.2106,0.1817,3.1994,3.5251,0.9079,0.9915
/fs04/scratch2/gy81/lachlan/MATLAB/cat12_processing/sub-melfrd030/label/sub-melfrd030_ses-1_T1w,0.2372,0.2227,3.4843,3.8950,0.9878,1.1450
/fs04/scratch2/gy81/lachlan/MATLAB/cat12_processing/sub-melfrd030/label/sub-melfrd030_ses-2_T1w,0.1890,0.1655,3.3935,3.7696,0.9223,1.0514
/fs04/scratch2/gy81/lachlan/MATLAB/cat12_processing/sub-melfrd031/label/sub-melfrd031_ses-1_T1w,0.2197,0.2170,2.9469,3.3105,0.8871,1.0205
/fs04/scratch2/gy81/lachlan/MATLAB/cat12_processing/sub-melfrd031/label/sub-melfrd031_ses-2_T1w,0.2232,0.1867,2.7194,3.0058,0.9057,0.9711
/fs04/scratch2/gy81/lachlan/MATLAB/cat12_processing/sub-melfrd032/label/sub-melfrd032_ses-1_T1w,0.1366,0.1437,2.7929,3.0587,0.7181,0.7806
/fs04/scratch2/gy81/lachlan/MATLAB/cat12_processing/sub-melfrd032/label/sub-melfrd032_ses-2_T1w,0.1421,0.1373,2.8436,3.0903,0.7104,0.7915
/fs04/scratch2/gy81/lachlan/MATLAB/cat12_processing/sub-melfrd033/label/sub-melfrd033_ses-1_T1w,0.2148,0.2099,3.3292,3.5143,0.8558,1.0562
/fs04/scratch2/gy81/lachlan/MATLAB/cat12_processing/sub-melfrd033/label/sub-melfrd033_ses-2_T1w,0.2017,0.1838,3.1675,3.4180,0.8402,1.0029
/fs04/scratch2/gy81/lachlan/MATLAB/cat12_processing/sub-melfrd035/label/sub-melfrd035_ses-1_T1w,0.2250,0.2126,3.5576,3.7978,0.8574,1.0435
/fs04/scratch2/gy81/lachlan/MATLAB/cat12_processing/sub-melfrd035/label/sub-melfrd035_ses-2_T1w,0.2140,0.2114,3.4460,3.7943,0.8330,1.0807
/fs04/scratch2/gy81/lachlan/MATLAB/cat12_processing/sub-melfrd036/label/sub-melfrd036_ses-1_T1w,0.2775,0.2060,4.2282,4.3745,1.1217,1.2553
/fs04/scratch2/gy81/lachlan/MATLAB/cat12_processing/sub-melfrd036/label/sub-melfrd036_ses-2_T1w,0.2575,0.2273,4.1525,4.4222,1.1086,1.2515
/fs04/scratch2/gy81/lachlan/MATLAB/cat12_processing/sub-melfrd037/label/sub-melfrd037_ses-1_T1w,0.2222,0.2051,3.0195,3.1771,0.8548,1.0261
/fs04/scratch2/gy81/lachlan/MATLAB/cat12_processing/sub-melfrd037/label/sub-melfrd037_ses-2_T1w,0.2094,0.1973,2.9816,3.1947,0.8166,1.0122
/fs04/scratch2/gy81/lachlan/MATLAB/cat12_processing/sub-melfrd038/label/sub-melfrd038_ses-1_T1w,0.2934,0.2327,3.9343,4.2921,1.0711,1.3423
/fs04/scratch2/gy81/lachlan/MATLAB/cat12_processing/sub-melfrd038/label/sub-melfrd038_ses-2_T1w,0.2643,0.2456,3.7154,3.9513,0.9985,1.2628
